Workbook

Sheet Input
A1: Order | B1: Player Name | C1: AB | D1: H | E1: AVG. | F1: SLG. | G1: R | H1: RBI | I1: 1B | J1: 2B | K1: 3B | L1: HR | M1: K
A2: 1 | B2: NICHOLAS | C2: =+VLOOKUP(B2,'Master Data'!A:L,2,FALSE) -> 23 | D2: =+VLOOKUP(B2,'Master Data'!A:L,3,FALSE) -> 10 | E2: =+VLOOKUP(B2,'Master Data'!A:L,4,FALSE) -> 0.43478261 | F2: =+VLOOKUP(B2,'Master Data'!A:L,5,FALSE) -> 0.43478261 | G2: =+VLOOKUP(B2,'Master Data'!A:L,6,FALSE) -> 2 | H2: =+VLOOKUP(B2,'Master Data'!A:L,7,FALSE) -> 0 | I2: =+VLOOKUP(B2,'Master Data'!A:L,8,FALSE) -> 10 | J2: =+VLOOKUP(B2,'Master Data'!A:L,9,FALSE) -> 0 | K2: =+VLOOKUP(B2,'Master Data'!A:L,10,FALSE) -> 0 | L2: =+VLOOKUP(B2,'Master Data'!A:L,11,FALSE) -> 0 | M2: =+VLOOKUP(B2,'Master Data'!A:L,12,FALSE) -> 7
A3: 2 | B3: MAC | C3: =+VLOOKUP(B3,'Master Data'!A:L,2,FALSE) -> 25 | D3: =+VLOOKUP(B3,'Master Data'!A:L,3,FALSE) -> 18 | E3: =+VLOOKUP(B3,'Master Data'!A:L,4,FALSE) -> 0.72 | F3: =+VLOOKUP(B3,'Master Data'!A:L,5,FALSE) -> 0.96 | G3: =+VLOOKUP(B3,'Master Data'!A:L,6,FALSE) -> 11 | H3: =+VLOOKUP(B3,'Master Data'!A:L,7,FALSE) -> 5 | I3: =+VLOOKUP(B3,'Master Data'!A:L,8,FALSE) -> 14 | J3: =+VLOOKUP(B3,'Master Data'!A:L,9,FALSE) -> 3 | K3: =+VLOOKUP(B3,'Master Data'!A:L,10,FALSE) -> 0 | L3: =+VLOOKUP(B3,'Master Data'!A:L,11,FALSE) -> 1 | M3: =+VLOOKUP(B3,'Master Data'!A:L,12,FALSE) -> 4
A4: 3 | B4: LOUIE | C4: =+VLOOKUP(B4,'Master Data'!A:L,2,FALSE) -> 25 | D4: =+VLOOKUP(B4,'Master Data'!A:L,3,FALSE) -> 16 | E4: =+VLOOKUP(B4,'Master Data'!A:L,4,FALSE) -> 0.64 | F4: =+VLOOKUP(B4,'Master Data'!A:L,5,FALSE) -> 0.8 | G4: =+VLOOKUP(B4,'Master Data'!A:L,6,FALSE) -> 14 | H4: =+VLOOKUP(B4,'Master Data'!A:L,7,FALSE) -> 5 | I4: =+VLOOKUP(B4,'Master Data'!A:L,8,FALSE) -> 14 | J4: =+VLOOKUP(B4,'Master Data'!A:L,9,FALSE) -> 1 | K4: =+VLOOKUP(B4,'Master Data'!A:L,10,FALSE) -> 0 | L4: =+VLOOKUP(B4,'Master Data'!A:L,11,FALSE) -> 1 | M4: =+VLOOKUP(B4,'Master Data'!A:L,12,FALSE) -> 1
A5: 4 | B5: John | C5: =+VLOOKUP(B5,'Master Data'!A:L,2,FALSE) -> 15 | D5: =+VLOOKUP(B5,'Master Data'!A:L,3,FALSE) -> 3 | E5: =+VLOOKUP(B5,'Master Data'!A:L,4,FALSE) -> 0.2 | F5: =+VLOOKUP(B5,'Master Data'!A:L,5,FALSE) -> 0.13333333 | G5: =+VLOOKUP(B5,'Master Data'!A:L,6,FALSE) -> 1 | H5: =+VLOOKUP(B5,'Master Data'!A:L,7,FALSE) -> 0 | I5: =+VLOOKUP(B5,'Master Data'!A:L,8,FALSE) -> 2 | J5: =+VLOOKUP(B5,'Master Data'!A:L,9,FALSE) -> 0 | K5: =+VLOOKUP(B5,'Master Data'!A:L,10,FALSE) -> 0 | L5: =+VLOOKUP(B5,'Master Data'!A:L,11,FALSE) -> 0 | M5: =+VLOOKUP(B5,'Master Data'!A:L,12,FALSE) -> 11
A6: 5 | B6: HOWARD | C6: =+VLOOKUP(B6,'Master Data'!A:L,2,FALSE) -> 24 | D6: =+VLOOKUP(B6,'Master Data'!A:L,3,FALSE) -> 12 | E6: =+VLOOKUP(B6,'Master Data'!A:L,4,FALSE) -> 0.5 | F6: =+VLOOKUP(B6,'Master Data'!A:L,5,FALSE) -> 0.70833333 | G6: =+VLOOKUP(B6,'Master Data'!A:L,6,FALSE) -> 7 | H6: =+VLOOKUP(B6,'Master Data'!A:L,7,FALSE) -> 8 | I6: =+VLOOKUP(B6,'Master Data'!A:L,8,FALSE) -> 9 | J6: =+VLOOKUP(B6,'Master Data'!A:L,9,FALSE) -> 1 | K6: =+VLOOKUP(B6,'Master Data'!A:L,10,FALSE) -> 2 | L6: =+VLOOKUP(B6,'Master Data'!A:L,11,FALSE) -> 0 | M6: =+VLOOKUP(B6,'Master Data'!A:L,12,FALSE) -> 5
A7: 6 | B7: WESTON | C7: =+VLOOKUP(B7,'Master Data'!A:L,2,FALSE) -> 23 | D7: =+VLOOKUP(B7,'Master Data'!A:L,3,FALSE) -> 13 | E7: =+VLOOKUP(B7,'Master Data'!A:L,4,FALSE) -> 0.56521739 | F7: =+VLOOKUP(B7,'Master Data'!A:L,5,FALSE) -> 0.82608696 | G7: =+VLOOKUP(B7,'Master Data'!A:L,6,FALSE) -> 4 | H7: =+VLOOKUP(B7,'Master Data'!A:L,7,FALSE) -> 13 | I7: =+VLOOKUP(B7,'Master Data'!A:L,8,FALSE) -> 10 | J7: =+VLOOKUP(B7,'Master Data'!A:L,9,FALSE) -> 1 | K7: =+VLOOKUP(B7,'Master Data'!A:L,10,FALSE) -> 1 | L7: =+VLOOKUP(B7,'Master Data'!A:L,11,FALSE) -> 1 | M7: =+VLOOKUP(B7,'Master Data'!A:L,12,FALSE) -> 1
A8: 7 | B8: Gabe | C8: =+VLOOKUP(B8,'Master Data'!A:L,2,FALSE) -> 22 | D8: =+VLOOKUP(B8,'Master Data'!A:L,3,FALSE) -> 12 | E8: =+VLOOKUP(B8,'Master Data'!A:L,4,FALSE) -> 0.54545455 | F8: =+VLOOKUP(B8,'Master Data'!A:L,5,FALSE) -> 0.63636364 | G8: =+VLOOKUP(B8,'Master Data'!A:L,6,FALSE) -> 5 | H8: =+VLOOKUP(B8,'Master Data'!A:L,7,FALSE) -> 8 | I8: =+VLOOKUP(B8,'Master Data'!A:L,8,FALSE) -> 10 | J8: =+VLOOKUP(B8,'Master Data'!A:L,9,FALSE) -> 2 | K8: =+VLOOKUP(B8,'Master Data'!A:L,10,FALSE) -> 0 | L8: =+VLOOKUP(B8,'Master Data'!A:L,11,FALSE) -> 0 | M8: =+VLOOKUP(B8,'Master Data'!A:L,12,FALSE) -> 7
A9: 8 | B9: Luke | C9: =+VLOOKUP(B9,'Master Data'!A:L,2,FALSE) -> 18 | D9: =+VLOOKUP(B9,'Master Data'!A:L,3,FALSE) -> 12 | E9: =+VLOOKUP(B9,'Master Data'!A:L,4,FALSE) -> 0.66666667 | F9: =+VLOOKUP(B9,'Master Data'!A:L,5,FALSE) -> 0.72222222 | G9: =+VLOOKUP(B9,'Master Data'!A:L,6,FALSE) -> 4 | H9: =+VLOOKUP(B9,'Master Data'!A:L,7,FALSE) -> 3 | I9: =+VLOOKUP(B9,'Master Data'!A:L,8,FALSE) -> 11 | J9: =+VLOOKUP(B9,'Master Data'!A:L,9,FALSE) -> 1 | K9: =+VLOOKUP(B9,'Master Data'!A:L,10,FALSE) -> 0 | L9: =+VLOOKUP(B9,'Master Data'!A:L,11,FALSE) -> 0 | M9: =+VLOOKUP(B9,'Master Data'!A:L,12,FALSE) -> 1
A10: 9 | B10: Aidan | C10: =+VLOOKUP(B10,'Master Data'!A:L,2,FALSE) -> 20 | D10: =+VLOOKUP(B10,'Master Data'!A:L,3,FALSE) -> 10 | E10: =+VLOOKUP(B10,'Master Data'!A:L,4,FALSE) -> 0.5 | F10: =+VLOOKUP(B10,'Master Data'!A:L,5,FALSE) -> 0.6 | G10: =+VLOOKUP(B10,'Master Data'!A:L,6,FALSE) -> 6 | H10: =+VLOOKUP(B10,'Master Data'!A:L,7,FALSE) -> 3 | I10: =+VLOOKUP(B10,'Master Data'!A:L,8,FALSE) -> 8 | J10: =+VLOOKUP(B10,'Master Data'!A:L,9,FALSE) -> 2 | K10: =+VLOOKUP(B10,'Master Data'!A:L,10,FALSE) -> 0 | L10: =+VLOOKUP(B10,'Master Data'!A:L,11,FALSE) -> 0 | M10: =+VLOOKUP(B10,'Master Data'!A:L,12,FALSE) -> 9
A11: 10 | B11: STEWART | C11: =+VLOOKUP(B11,'Master Data'!A:L,2,FALSE) -> 15 | D11: =+VLOOKUP(B11,'Master Data'!A:L,3,FALSE) -> 1 | E11: =+VLOOKUP(B11,'Master Data'!A:L,4,FALSE) -> 0.066666667 | F11: =+VLOOKUP(B11,'Master Data'!A:L,5,FALSE) -> 0.066666667 | G11: =+VLOOKUP(B11,'Master Data'!A:L,6,FALSE) -> 0 | H11: =+VLOOKUP(B11,'Master Data'!A:L,7,FALSE) -> 0 | I11: =+VLOOKUP(B11,'Master Data'!A:L,8,FALSE) -> 1 | J11: =+VLOOKUP(B11,'Master Data'!A:L,9,FALSE) -> 0 | K11: =+VLOOKUP(B11,'Master Data'!A:L,10,FALSE) -> 0 | L11: =+VLOOKUP(B11,'Master Data'!A:L,11,FALSE) -> 0 | M11: =+VLOOKUP(B11,'Master Data'!A:L,12,FALSE) -> 11

Sheet Master Data
A1: Player | B1: AB | C1: H | D1: AVG. | E1: SLG. | F1: R | G1: RBI | H1: 1B | I1: 2B | J1: 3B | K1: HR | L1: K
A2: LOUIE | B2: 25 | C2: 16 | D2: 0.64 | E2: 0.8 | F2: 14 | G2: 5 | H2: 14 | I2: 1 | J2: 0 | K2: 1 | L2: 1
A3: LUKE | B3: 18 | C3: 12 | D3: 0.66666667 | E3: 0.72222222 | F3: 4 | G3: 3 | H3: 11 | I3: 1 | J3: 0 | K3: 0 | L3: 1
A4: FARRIS | B4: 24 | C4: 21 | D4: 0.875 | E4: 1.5416667 | F4: 14 | G4: 17 | H4: 15 | I4: 0 | J4: 2 | K4: 4 | L4: 1
A5: HOWARD | B5: 24 | C5: 12 | D5: 0.5 | E5: 0.70833333 | F5: 7 | G5: 8 | H5: 9 | I5: 1 | J5: 2 | K5: 0 | L5: 5
A6: WESTON | B6: 23 | C6: 13 | D6: 0.56521739 | E6: 0.82608696 | F6: 4 | G6: 13 | H6: 10 | I6: 1 | J6: 1 | K6: 1 | L6: 1
A7: GABE | B7: 22 | C7: 12 | D7: 0.54545455 | E7: 0.63636364 | F7: 5 | G7: 8 | H7: 10 | I7: 2 | J7: 0 | K7: 0 | L7: 7
A8: MAC | B8: 25 | C8: 18 | D8: 0.72 | E8: 0.96 | F8: 11 | G8: 5 | H8: 14 | I8: 3 | J8: 0 | K8: 1 | L8: 4
A9: NICHOLAS | B9: 23 | C9: 10 | D9: 0.43478261 | E9: 0.43478261 | F9: 2 | G9: 0 | H9: 10 | I9: 0 | J9: 0 | K9: 0 | L9: 7
A10: DAVIS | B10: 19 | C10: 2 | D10: 0.10526316 | E10: 0.10526316 | F10: 1 | G10: 0 | H10: 2 | I10: 0 | J10: 0 | K10: 0 | L10: 14
A11: AIDAN | B11: 20 | C11: 10 | D11: 0.5 | E11: 0.6 | F11: 6 | G11: 3 | H11: 8 | I11: 2 | J11: 0 | K11: 0 | L11: 9
A12: STEWART | B12: 15 | C12: 1 | D12: 0.066666667 | E12: 0.066666667 | F12: 0 | G12: 0 | H12: 1 | I12: 0 | J12: 0 | K12: 0 | L12: 11
A13: JOHN | B13: 15 | C13: 3 | D13: 0.2 | E13: 0.13333333 | F13: 1 | G13: 0 | H13: 2 | I13: 0 | J13: 0 | K13: 0 | L13: 11
